id,title,content,publication_date,source_url,is_duplicate,category
1,"Dominion still has pending lawsuits against election deniers such as Rudy Giuliani and Sidney Powell",,"2024-01-29 12:42:36",https://www.cnn.com/business/live-news/fox-news-dominion-trial-04-18-23/h_8d51e3ae2714edaa0dace837305d03b8,0,Others
2,"'Difficult to say with a straight face': Tapper reacts to Fox News' statement on settlement","A settlement has been reached in Dominion Voting Systems' defamation case against Fox News, the judge for the case announced. The network will pay more than $787 million to Dominion, a lawyer for the company said.","2024-01-29 12:42:37",https://www.cnn.com/videos/politics/2023/04/18/jake-tapper-dominion-lawsuit-settlement-fox-news-statement-lead-vpx.cnn,0,Others
3,"Newly released video shows scene of Jeremy Renner's snowplow accident","Newly released body camera footage shows firefighters and sheriff's deputies rushing to help actor Jeremy Renner after a near-fatal snowplow accident in January. The "Avengers" actor broke more than 30 bones and suffered other severe injuries. CNN's Chloe Melas has more.","2024-01-29 12:42:37",https://www.cnn.com/videos/us/2023/04/18/jeremy-renner-snowplow-accident-bodycam-nc-melas-contd-vpx.cnn,0,Others
4,"Netflix is winding down its DVD business after 25 years","Netflix is officially winding down the business that helped make it a household name.","2024-01-29 12:42:37",https://www.cnn.com/2023/04/18/media/netflix-dvd-red-envelopes/index.html,0,Others
5,"Russia is 'going backwards' in equipment and deploying post WWII-era tanks, according to Western officials","‚Ä¢ Jailed Wall Street Journal reporter Evan Gershkovich denied detention appeal in Moscow
‚Ä¢ Putin visits Russian troops at military headquarters in Kherson
‚Ä¢ Watch moment WSJ journalist appears in Russian court","2024-01-29 12:42:38",https://www.cnn.com/europe/live-news/russia-ukraine-war-news-04-18-23/index.html,0,Others
6,"GOP prepared to block vote to replace Feinstein on Senate Judiciary","Senate Majority Leader Chuck Schumer said on Tuesday that he hopes to replace Democratic Sen. Dianne Feinstein on the Senate Judiciary Committee with Sen. Ben Cardin of Maryland and aims to set up a floor vote on the issue this afternoon, which Republicans are expected to block.","2024-01-29 12:42:38",https://www.cnn.com/2023/04/18/politics/schumer-senate-feinstein-vote-cardin/index.html,0,Others
7,"US warns Russia not to touch American nuclear technology at Ukrainian nuclear plant","The US has sensitive nuclear technology at a nuclear power plant inside Ukraine and is warning Russia not to touch it, according to a letter the US Department of Energy sent to Russia's state-owned nuclear energy firm Rosatom last month.","2024-01-29 12:42:38",https://www.cnn.com/2023/04/18/politics/us-warns-russia-zaporizhzhia-nuclear-plant/index.html,0,Others
8,"ADHD medication abuse in schools is a 'wake-up call'","At some middle and high schools in the United States, 1 in 4 teens report they've abused prescription stimulants for attention deficit hyperactivity disorder during the year prior, a new study found.","2024-01-29 12:42:39",https://www.cnn.com/2023/04/18/health/teen-misuse-adhd-meds-wellness/index.html,0,Others
9,"Jamie Foxx remains hospitalized nearly a week after 'medical complication'","Jamie Foxx remains hospitalized in Georgia nearly a week after his daughter revealed the actor experienced a "medical complication," a source with knowledge of the matter told CNN on Monday.","2024-01-29 12:42:39",https://www.cnn.com/2023/04/17/entertainment/jamie-foxx-remains-hospitalized/index.html,0,Others
10,"Mother's Day is around the corner. Here are 50+ thoughtful gifts she'll love",,"2024-01-29 12:42:39",https://www.cnn.com/cnn-underscored/gifts/best-mothers-day-gifts-2023?iid=CNNUnderscoredHPcontainer,0,Others
11,"Google-parent stock drops on fears it could lose search market share to AI-powered rivals","Shares of Google-parent Alphabet fell more than 3% in early trading Monday after a report sparked concerns that its core search engine could lose market share to AI-powered rivals, including Microsoft's Bing.","2024-01-29 12:42:39",https://www.cnn.com/2023/04/17/tech/google-ai-search-engine-stock-drop/index.html,0,Others
12,"Maine authorities detained a person of interest after 4 people were found dead in a home and 3 others shot while driving","Maine authorities have detained a person of interest and continue to investigate after two shooting incidents that appear to be connected left at least four people dead and three others injured, state police said.","2024-01-29 12:42:40",https://www.cnn.com/2023/04/18/us/maine-shooting-bowdoin-yarmouth/index.html,0,Others
13,"Artist rejects photo prize after AI-generated image wins award","A German artist has rejected an award from a prestigious international photography competition after revealing that his submission was generated by Artificial Intelligence (AI).","2024-01-29 12:42:40",https://www.cnn.com/style/article/ai-photo-win-sony-scli-intl/index.html,0,Others
14,"China's economy is off to a solid start, rising 4.5% in Q1 2023","China's economy is off to a solid start in 2023 following its emergence from three years of strict pandemic restrictions.","2024-01-29 12:42:40",https://www.cnn.com/2023/04/17/economy/china-gdp-q1-2023-intl-hnk/index.html,0,Others
15,"Undocumented immigrants are paying their taxes today, too","It's a surprising fact that's often overlooked in the immigration debate.","2024-01-29 12:42:41",https://www.cnn.com/2023/04/18/us/undocumented-immigrants-taxes-cec/index.html,0,Others
16,"High speed trains are racing across the world. But not in America","High speed trains have proved their worth across the world over the past 50 years.","2024-01-29 12:42:41",https://www.cnn.com/travel/article/high-speed-rail-us/index.html,0,Others
17,"Pilot makes history after landing on top of a 56-story hotel","Polish pilot Lukasz Czepiela made history after landing a plane on a helipad at the top of a 56-story hotel in Dubai.","2024-01-29 12:42:41",https://www.cnn.com/videos/travel/2023/03/17/pilot-lands-on-dubai-helipad-cprog-orig-aw-ao.cnn,0,Others
18,"The 7 best high-yield savings accounts of April 2023",,"2024-01-29 12:42:42",https://www.cnn.com/cnn-underscored/money/high-yield-savings-accounts?iid=CNNUnderscoredHPcontainer,0,Others
19,"We stopped using aluminum foil for cooking and you should too. Here's what to use instead",,"2024-01-29 12:42:42",https://www.cnn.com/cnn-underscored/reviews/mmmat-silicone-mats?iid=CNNUnderscoredHPcontainer,0,Others
20,"Here are the 20 specific Fox broadcasts and tweets Dominion says were defamatory","‚Ä¢ Fox-Dominion trial delay 'is not unusual,' judge says
‚Ä¢ Fox News' defamation battle isn't stopping Trump's election lies","2024-01-29 12:42:42",https://www.cnn.com/2023/04/17/media/dominion-fox-news-allegations/index.html,0,Others
21,"Why isn't the House Judiciary Committee looking into Thomas?","On Monday, the GOP-controlled House Judiciary Committee ‚Äî chaired by Donald Trump ally Rep. Jim Jordan ‚Äî is set to hold a field hearing in New York City called "Victims of Violent Crime in Manhattan." A statement bills the hearing as an examination of how, the Judiciary Committee says, Manhattan District Attorney Alvin Bragg's policies have "led to an increase in violent crime and a dangerous community for New York City residents."","2024-01-29 12:42:42",https://www.cnn.com/2023/04/17/opinions/jim-jordan-clarence-thomas-judiciary-committee-obeidallah/index.html,0,Others
22,"A 13-year-old dies after participating in a Benadryl TikTok 'challenge'","A 13-year-old in Ohio has died after "he took a bunch of Benadryl," trying a dangerous TikTok challenge that's circulating online, according to a CNN affiliate and a GoFundMe account from his family.","2024-01-29 12:42:42",https://www.cnn.com/2023/04/18/us/benadryl-tiktok-challenge-teen-death-wellness/index.html,0,Others
23,"Jeremy Renner revisits 'the amazing group of people' who helped him recover from his accident","Jeremy Renner is continuing his recovery after his devastating snowplow accident in January, and recognizing those who've helped him along the way.","2024-01-29 12:42:42",https://www.cnn.com/2023/04/16/entertainment/jeremy-renner-update/index.html,0,Others
24,"FTC chair Lina Khan warns AI could 'turbocharge' fraud and scams","Artificial intelligence tools such as ChatGPT could lead to a "turbocharging" of consumer harms including fraud and scams, and the US government has substantial authority to crack down on AI-driven consumer harms under existing law, members of the Federal Trade Commission said Tuesday.","2024-01-29 12:42:43",https://www.cnn.com/2023/04/18/tech/lina-khan-ai-warning/index.html,0,Others
25,"The 10 best Amazon deals to shop this week",,"2024-01-29 12:42:43",https://www.cnn.com/cnn-underscored/deals/best-amazon-deals-2023-04-12?iid=CNNUnderscoredHPcontainer,0,Others
26,"Millions in the US could face massive consequences unless McCarthy can navigate out of a debt trap he set for Biden","‚Ä¢ DeSantis goes to Washington, a place he once despised, looking for support to take on Trump
‚Ä¢ Opinion: For the GOP to win, it must ditch Trump
‚Ä¢ Chris Christie mulling 2024 White House bid
‚Ä¢ Analysis: The fire next time has begun burning in Tennessee","2024-01-29 12:42:43",https://www.cnn.com/2023/04/18/politics/mccarthy-biden-debt-ceiling/index.html,0,Others
27,"Michelle Yeoh set to return in new 'Star Trek' movie","Live long and prosper, Michelle Yeoh.","2024-01-29 12:42:43",https://www.cnn.com/2023/04/18/entertainment/michelle-yeoh-star-trek-section-31/index.html,0,Others
28,"Apple CEO was presented with an original Macintosh. See his reaction","CEO Tim Cook personally welcomed customers to the new Apple store in Mumbai as the tech company opens its first retail stores in India. CNN's Vedika Sud reports.","2024-01-29 12:42:43",https://www.cnn.com/videos/tech/2023/04/18/apple-store-mumbai-india-ceo-tim-cook-vedika-sud-ovn-biz-ldn-vpx.cnn,0,Others
29,"Weekend Money Markets Roundup January 27, 2024","<img class="type:primaryImage" src="https://i.kinja-img.com/image/upload/c_fit,q_80,w_636/e092f8d68ef4c43063c0cdff9362524b.jpg" /><p>There was a whole lot of excitement around the prospect of exchange-traded bitcoin funds a couple weeks ago, when the US Securities and Exchange Commission announced that it had <a class="sc-1out364-0 dPMosf sc-145m8ut-0 lcFFec js_link" href="https://qz.com/first-bitcoin-exchange-traded-funds-are-cleared-by-us-r-1851157071" rel="noopener noreferrer" target="_blank">approved use of the investing tool</a>. Someone even <a class="sc-1out364-0 dPMosf sc-145m8ut-0 lcFFec js_link" href="https://www.reuters.com/technology/sec-account-hack-renews-spotlight-xs-security-concerns-2024-01-10/" rel="noopener noreferrer" target="_blank">hacked the SEC‚Äôs account on the X social media platform</a> to break the news early! But that‚Ä¶</p><p><a href="https://qz.com/weekend-money-markets-roundup-january-27-2024-1851201022">Read more...</a></p>","2024-01-29 12:42:43",https://qz.com/weekend-money-markets-roundup-january-27-2024-1851201022,0,Others
30,"Jake Gyllenhaal and Jamie Lee Curtis spent the Covid-19 lockdown together","It's sourdough bread and handstands for Jake Gyllenhaal and Jamie Lee Curtis.","2024-01-29 12:42:43",https://www.cnn.com/2023/04/18/entertainment/jake-gyllenhaal-jamie-lee-curtis-pandemic-living/index.html,0,Others
31,"New York is lapping San Francisco in the return-to-office race","<img class="type:primaryImage" src="https://i.kinja-img.com/image/upload/c_fit,q_80,w_636/2d05801dfd6406f66ba077ca660056d6.jpg" /><p>The Big Apple has more successfully brought its workers back to the office than other major US cities‚Äîespecially San Francisco.<br /></p><p><a href="https://qz.com/new-york-san-francisco-return-to-office-1851201948">Read more...</a></p>","2024-01-29 12:42:44",https://qz.com/new-york-san-francisco-return-to-office-1851201948,0,Others
32,"Two Russians claiming to be former Wagner commanders admit killing children and civilians in Ukraine","Two Russian men who claim to be former Wagner Group commanders have told a human rights activist that they killed children and civilians during their time in Ukraine.","2024-01-29 12:42:44",https://www.cnn.com/2023/04/17/europe/wagner-commanders-russia-kill-children-intl-hnk/index.html,0,Others
33,"Big Tech's investments in AI has regulators asking Microsoft, Amazon, and Google some questions","<img class="type:primaryImage" src="https://i.kinja-img.com/image/upload/c_fit,q_80,w_636/a41aaade0aa5e4911d0d248ce34c692a.jpg" /><p>It was only a matter of time before the US Federal Trade Commission (FTC), which regulates competition, decided to i<a class="sc-1out364-0 dPMosf sc-145m8ut-0 lcFFec js_link" href="https://www.ftc.gov/news-events/news/press-releases/2024/01/ftc-launches-inquiry-generative-ai-investments-partnerships" rel="noopener noreferrer" target="_blank">nvestigate big tech‚Äôs partnerships with AI companies</a>. The agency is looking specifically at three separate multi-billion-dollar investments, including Microsoft and OpenAI, Amazon and Anthropic, and‚Ä¶</p><p><a href="https://qz.com/microsoft-amazon-google-ai-investments-ftc-1851202060">Read more...</a></p>","2024-01-29 12:42:44",https://qz.com/microsoft-amazon-google-ai-investments-ftc-1851202060,0,Others
34,"Repeated gunshots fired on live TV as ex-lawmaker shot by assassins","Atiq Ahmed, a former lawmaker in India's parliament, convicted of kidnapping, was shot dead along with his brother while police were escorting them for a medical check-up in a slaying caught on live television on Saturday. CNN's Vedika Sud reports.","2024-01-29 12:42:44",https://www.cnn.com/videos/world/2023/04/18/india-ex-lawmaker-atiq-ahmed-assassination-sud-pkg-contd-ovn-intl-hnk-vpx.cnn,0,Others
35,"Subway made a big investment in new meat slicers and it's not looking good","<img class="type:primaryImage" src="https://i.kinja-img.com/image/upload/c_fit,q_80,w_636/544cc9ab7abe867dc91339e6fe1b502b.jpg" /><p>When Subway announced last year that it would be removing pre-sliced meat from its assembly line and <a class="sc-1out364-0 dPMosf sc-145m8ut-0 lcFFec js_link" href="https://thetakeout.com/subway-locations-deli-slicer-meat-better-sandwich-menu-1850071133">adding automatic deli slicers</a> to its more than 20,000 locations, the intention was to improve the chain‚Äôs overall sandwich quality. Just six months after this systemwide change, however, Restaurant Business reports <a class="sc-1out364-0 dPMosf sc-145m8ut-0 lcFFec js_link" href="https://www.restaurantbusinessonline.com/financing/some-subway-operators-slicers-arent-all-theyre-sliced-be" rel="noopener noreferrer" target="_blank">Subw‚Ä¶</a></p><p><a href="https://qz.com/subway-meat-slicers-1851195872">Read more...</a></p>","2024-01-29 12:42:44",https://qz.com/subway-meat-slicers-1851195872,0,Others
36,"Oklahoma governor calls on officials to resign over recording of racist and threatening remarks",,"2024-01-29 12:42:44",https://www.cnn.com/2023/04/18/us/mccurtain-county-oklahoma-officials-recording/index.html,0,Others
37,"It turns out oil gets more expensive to ship when boats go boom in the Red Sea","<img class="type:primaryImage" src="https://i.kinja-img.com/image/upload/c_fit,q_80,w_636/dd7143e78390e16321add067c3440b5f.jpg" /><p>The oil comes out the ground, the oil gets sold, the oil gets shipped somewhere, the oil gets turned into gasoline and plastic and all the stuff we use to go about our lives. All of these steps in the process affect the price of the oil itself, and three of them get the most attention, but only one of them is getting‚Ä¶</p><p><a href="https://qz.com/fighting-red-sea-oil-prices-increasing-1851192473">Read more...</a></p>","2024-01-29 12:42:45",https://qz.com/fighting-red-sea-oil-prices-increasing-1851192473,0,Others
38,"Southwest says flights resumed after delays caused by 'tech issues'","‚Ä¢ Delta Air Lines reports record bookings for summer travel
‚Ä¢ Air France and Airbus acquitted in trial over 2009 plane crash","2024-01-29 12:42:45",https://www.cnn.com/travel/article/southwest-airlines-flight-delays/index.html,0,Others
39,"Tesla has been a tech stock stinker as Microsoft joins Apple in the $3 trillion club","<img class="type:primaryImage" src="https://i.kinja-img.com/image/upload/c_fit,q_80,w_636/aac2eab778880d7284d7f4648437ad03.jpg" /><p>At the top of the year, the Wall Street Journal <a class="sc-1out364-0 dPMosf sc-145m8ut-0 lcFFec js_link" href="https://www.wsj.com/finance/optimism-abounds-wall-street-this-new-year-a0ec5cc0" rel="noopener noreferrer" target="_blank">let the world know</a> about the ‚ÄúMagnificent Seven,‚Äù a basket of tech stocks that traders were hyping up for the high profits amid a period of economic uncertainty. </p><p><a href="https://qz.com/tesla-stock-down-magnificent-seven-microsoft-apple-1851194022">Read more...</a></p>","2024-01-29 12:42:45",https://qz.com/tesla-stock-down-magnificent-seven-microsoft-apple-1851194022,0,Others
40,"Opinion: Why millionaires like us want to pay more in taxes","Tuesday is Tax Day in America, one of the most stressful days of the year, when many taxpayers will finally end their procrastination, file their federal returns, and hope for a refund from the IRS. But for many of the nation's wealthiest, it's just another Tuesday.","2024-01-29 12:42:45",https://www.cnn.com/2023/04/17/opinions/us-tax-system-wealthy-disney-pearl/index.html,0,Others
41,"Southwest, American, and Delta are feeling the impacts of Boeing's troubles","<img class="type:primaryImage" src="https://i.kinja-img.com/image/upload/c_fit,q_80,w_636/87927b967b81ee8e61b078c1e5bea263.jpg" /><p>It‚Äôs not just <a class="sc-1out364-0 dPMosf sc-145m8ut-0 lcFFec js_link" href="https://qz.com/united-airlines-says-its-growth-will-slow-for-years-bec-1851189943" rel="noopener noreferrer" target="_blank">United Airlines</a> and Alaska Airlines that were <a class="sc-1out364-0 dPMosf sc-145m8ut-0 lcFFec js_link" href="https://qz.com/737-max-9-united-alaska-return-to-air-1851196101" rel="noopener noreferrer" target="_blank">impacted</a> by the <a class="sc-1out364-0 dPMosf sc-145m8ut-0 lcFFec js_link" href="https://qz.com/boeing-737-max-9-alaska-airlines-stock-fallout-1851156730" rel="noopener noreferrer" target="_blank">grounding of Boeing‚Äôs 737 Max 9s</a>. Delta, Southwest, and American have taken a gut punch, too.<br /></p><p><a href="https://qz.com/southwest-american-and-delta-feel-the-impacts-of-boei-1851200829">Read more...</a></p>","2024-01-29 12:42:45",https://qz.com/southwest-american-and-delta-feel-the-impacts-of-boei-1851200829,0,Others
42,"These ships disappeared in Lake Superior a century ago. Watch as they're found again","The Great Lakes Shipwreck Historical Society has found two of three ships that sank in the same Lake Superior storm more than a century ago, locating one in 2021 and the other in 2022.","2024-01-29 12:42:45",https://www.cnn.com/videos/travel/2023/04/18/century-old-shipwrecks-lake-superior-discovery-contd-orig-zt.cnn,0,Others
43,"Europe's economic security plan needs to play both defense and offense","<img class="type:primaryImage" src="https://i.kinja-img.com/image/upload/c_fit,q_80,w_636/79d59ede37de02ce93d5eb6105dbab7b.jpg" /><p>The European Union this week <a class="sc-1out364-0 dPMosf sc-145m8ut-0 lcFFec js_link" href="https://ec.europa.eu/commission/presscorner/detail/en/IP_24_363" rel="noopener noreferrer" target="_blank">published a raft of proposals</a> aimed at bolstering the bloc‚Äôs economic security, including how to better scrutinize inbound investments, monitor risks associated with outbound investments,  and regulate exports of sensitive technologies. </p><p><a href="https://qz.com/europe-china-economic-security-1851199793">Read more...</a></p>","2024-01-29 12:42:46",https://qz.com/europe-china-economic-security-1851199793,0,Others
44,"Even when wives make as much as husbands, they still do more at home","‚Ä¢ Four out of the five US metro areas with the lowest unemployment are in Florida. Here's why
‚Ä¢ Opinion: The overlooked problem with raising the retirement age for Social Security","2024-01-29 12:42:46",https://www.cnn.com/2023/04/16/success/husbands-wives-earning-division-of-labor-pew-survey/index.html,0,Others
45,"The Fed hasn't killed the economy yet","<img class="type:primaryImage" src="https://i.kinja-img.com/image/upload/c_fit,q_80,w_636/8aa21efe6ed575d1b3f855fa7ff9f615.jpg" /><p>Lots of people would love it if the Federal Reserve cut interest rates soon. Investors want cheaper money. Homeowners want cheaper mortgages. Consumers want cheaper credit card bills. And for a while, there was <a class="sc-1out364-0 dPMosf sc-145m8ut-0 lcFFec js_link" href="https://qz.com/speculation-about-eventual-rate-cuts-is-rising-but-fed-1851088754" rel="noopener noreferrer" target="_blank">a lot of pressure</a> on the Fed to give them what they wanted out of fears that holding rates too high would <a class="sc-1out364-0 dPMosf sc-145m8ut-0 lcFFec js_link" href="https://www.epi.org/blog/the-fed-should-stand-pat-on-further-interest-rate-hikes-at-this-weeks-meeting-inflation-is-easing-even-as-the-labor-market-remains-strong/" rel="noopener noreferrer" target="_blank">dam‚Ä¶</a></p><p><a href="https://qz.com/fed-interest-rate-cuts-not-coming-soon-1851197420">Read more...</a></p>","2024-01-29 12:42:46",https://qz.com/fed-interest-rate-cuts-not-coming-soon-1851197420,0,Others
46,"Podcast: One country musician is calling for other artists to oppose assault rifles",,"2024-01-29 12:42:46",https://www.cnn.com/audio/podcasts/the-assignment/episodes/42a2f0e2-066a-4675-82ff-afe2016a0bb5,0,Others
47,"Tesla‚Äôs time in the sun is over as EV imports are soaring","<img class="type:primaryImage" src="https://i.kinja-img.com/image/upload/c_fit,q_80,w_636/2508d5a0a857815754da45e28b26bbbc.jpg" /><p>In a shareholder <a class="sc-1out364-0 dPMosf sc-145m8ut-0 lcFFec js_link" href="https://digitalassets.tesla.com/tesla-contents/image/upload/IR/TSLA-Q4-2023-Update.pdf" rel="noopener noreferrer" target="_blank">letter Wednesday</a> (Jan. 25), Tesla said that vehicle volume growth may be ‚Äúnotably lower‚Äù than the rate from a year ago.<br /></p><p><a href="https://qz.com/tesla-outlook-ev-import-soar-1851196877">Read more...</a></p>","2024-01-29 12:42:46",https://qz.com/tesla-outlook-ev-import-soar-1851196877,0,Others
48,"Top US Navy admiral defends non-binary sailor amid some Republican criticism","The top US Navy admiral ardently defended a non-binary sailor on Tuesday amid some criticism from Republican lawmakers, saying he is "particularly proud of this sailor."","2024-01-29 12:42:46",https://www.cnn.com/2023/04/18/politics/gilday-defends-non-binary-sailor/index.html,0,Others
49,"Bidets save you money and reduce waste ‚Äî we tested the best options out there",,"2024-01-29 12:42:47",https://www.cnn.com/cnn-underscored/reviews/best-bidets?iid=CNNUnderscoredHPcontainer,0,Others
50,"A head-to-toe guide of how men should dress this spring, and where they should shop",,"2024-01-29 12:42:47",https://www.cnn.com/cnn-underscored/fashion/mens-spring-fashion-style-guide?iid=CNNUnderscoredHPcontainer,0,Others
51,"The beloved Dyson Supersonic hair dryer is at its lowest price ever",,"2024-01-29 12:42:47",https://www.cnn.com/cnn-underscored/deals/dyson-supersonic-sale-2023-04-17?iid=CNNUnderscoredHPcontainer?iid=CNNUnderscoredHPcontainer,0,Others
52,"Mifepristone saved my life","The ruling earlier this month by a Texas federal judge to suspend the US Food and Drug Administration's approval of a drug that is used frequently for medication abortions, is very personal for me.","2024-01-29 12:42:48",https://www.cnn.com/2023/04/18/opinions/medication-abortion-mifepristone-miscarriage-jones-ctpr/index.html,0,Others
53,"Taxes are due tomorrow. Here's how to file for an extension",,"2024-01-29 12:42:48",https://www.cnn.com/cnn-underscored/money/how-to-file-taxes?iid=CNNUnderscoredHPcontainer,0,Others
54,"Recap: 'Succession' finds dark humor in the aftershocks","After the shock came the aftershocks, the power vacuum, and perhaps most significantly and impressively, the laughs, as "Succession" pivoted to face life after Logan Roy, in an episode that finally put the HBO show's title into full flower.","2024-01-29 12:42:48",https://www.cnn.com/2023/04/16/entertainment/succession-season-4-episode-4-recap/index.html,0,Others
55,"Top secrets come spilling out","In 1917, British analysts deciphered a coded message the German foreign minister sent to one of his country's diplomats vowing to begin "unrestricted submarine warfare" and seeking to win over Mexico with a promise to "reconquer the lost territory in Texas, New Mexico and Arizona" if the US entered the world war. When it became public, the Zimmerman Telegram caused a sensation, helping propel the US into the conflict against Germany.","2024-01-29 12:42:48",https://www.cnn.com/2023/04/16/opinions/top-secrets-come-spilling-out-opinion-column-galant/index.html,0,Others
56,"Review: 'Barry' takes a whack at its farewell season",""Barry" has taken chances from the very beginning, which is certainly true of a fourth and final season that picks up where the third left off, with its hitman-turned-wannabe actor getting arrested. That paves the way for an even darker season that accentuates the show's ensemble aspect while leaning a little too heavily on blurring lines with flights of fancy.","2024-01-29 12:42:49",https://www.cnn.com/2023/04/14/entertainment/barry-season-4-review/index.html,0,Others
57,"Weekend Business News Roundup January 27, 2024","<img class="type:primaryImage" src="https://i.kinja-img.com/image/upload/c_fit,q_80,w_636/691653f5045499e4600939c8f7469625.jpg" /><p>Japan and Singapore enjoyed the shared distinction of <a class="sc-1out364-0 dPMosf sc-145m8ut-0 lcFFec js_link" href="https://qz.com/most-powerful-passports-2023-ranking-1850024908" rel="noopener noreferrer" target="_blank">having the most powerful passports in the world</a> since 2019. But they‚Äôre not alone anymore. </p><p><a href="https://qz.com/weekend-business-news-roundup-january-27-2024-1851201021">Read more...</a></p>","2024-01-29 12:42:49",https://qz.com/weekend-business-news-roundup-january-27-2024-1851201021,0,Others
58,"New Jersey Democrats seeking to cover out-of-pocket abortion costs","New Jersey Gov. Phil Murphy and the state&apos;s Democrat-led Legislature are proposing a measure to cover out-of-pocket costs for a woman wanting an abortion.","2024-01-29 12:42:49",https://www.foxnews.com/politics/new-jersey-democrats-seeking-cover-out-pocket-abortion-costs,0,Others
59,"AI girlfriend chatbots won't last","<img class="type:primaryImage" src="https://i.kinja-img.com/image/upload/c_fit,q_80,w_636/7532a116eed8ae00b36baa1e331c3ba2.jpg" /><p>Relationship <a class="sc-1out364-0 dPMosf sc-145m8ut-0 lcFFec js_link" href="https://qz.com/more-than-2-500-apps-launched-in-2023-with-chatbot-in-1851153054" rel="noopener noreferrer" target="_blank">chatbots</a> are all the rage right now. Just look at the plethora of <a class="sc-1out364-0 dPMosf sc-145m8ut-0 lcFFec js_link" href="https://qz.com/ai-girlfriend-bots-are-already-flooding-openai-s-gpt-st-1851159131" rel="noopener noreferrer" target="_blank">AI girlfriend bots that quickly flooded OpenAI‚Äôs GPT store</a> after it launched earlier this month‚Äîeven though they seemed to violate the new store‚Äôs rules.</p><p><a href="https://qz.com/ai-girlfriend-chatbots-openai-gpt-store-relationships-1851198193">Read more...</a></p>","2024-01-29 12:42:50",https://qz.com/ai-girlfriend-chatbots-openai-gpt-store-relationships-1851198193,0,Others
60,"$83M verdict in E. Jean Carroll case against Trump ignites firestorm: 'Democrats are using the system'","A federal jury&apos;s decision ordering Donald Trump to pay E. Jean Carroll more than $83 million in damages Friday ignited a political firestorm.","2024-01-29 12:42:50",https://www.foxnews.com/politics/verdict-e-jean-carroll-defamation-case-trump-ignites-firestorm-democrats-using-system,0,"Terrorism / Protest / Political Unrest / Riot"
61,"Huge market headwinds made house flipper profits less gigantic last year","<img class="type:primaryImage" src="https://i.kinja-img.com/image/upload/c_fit,q_80,w_636/163cf5ff0049365381b4b601d705ddd5.jpg" /><p>A lot of people don‚Äôt want to sell their houses because their interest rates are too good and they‚Äôre scared they won‚Äôt be able to afford something better. A lot of people can‚Äôt buy a house because interest rates are too high and they can‚Äôt afford anything at all. So when transactions do happen‚Äîin 2023, existing US‚Ä¶</p><p><a href="https://qz.com/selling-houses-less-profitable-2023-1851194261">Read more...</a></p>","2024-01-29 12:42:50",https://qz.com/selling-houses-less-profitable-2023-1851194261,0,Others
62,"AOC says Biden 'can do more' to earn votes than just attack Trump","Rep. Alexandria Ocasio-Cortez called on President Biden to &quot;do more&quot; to earn votes for re-election by offering free education and health care.","2024-01-29 12:42:50",https://www.foxnews.com/politics/aoc-says-biden-can-do-more-earn-votes-just-attack-trump,0,Others
63,"Microsoft, Google, Salesforce, and more: 2024 starts with tech layoffs already set to surpass last year","<img class="type:primaryImage" src="https://i.kinja-img.com/image/upload/c_fit,q_80,w_636/cc77853c21f262c97bfa16534d527fde.jpg" /><p>There have been <a class="sc-1out364-0 dPMosf sc-145m8ut-0 lcFFec js_link" href="https://qz.com/tech-layoffs-might-surpass-2023-1851198088" rel="noopener noreferrer" target="_blank">more than 24,000 layoffs in the tech industry</a> in just the first few weeks of 2024. The total number of<a class="sc-1out364-0 dPMosf sc-145m8ut-0 lcFFec js_link" href="https://qz.com/tech-layoffs-might-surpass-2023-1851198088" rel="noopener noreferrer" target="_blank"> job cuts doubled this week alone</a>, squashing hopes for an end to <a class="sc-1out364-0 dPMosf sc-145m8ut-0 lcFFec js_link" href="https://qz.com/from-overhiring-to-optionality-what-we-can-learn-from-1850267076" rel="noopener noreferrer" target="_blank">last year‚Äôs doom and gloom in tech</a>.</p><p><a href="https://qz.com/google-amazon-apple-tech-layoffs-1851173569">Read more...</a></p>","2024-01-29 12:42:50",https://qz.com/google-amazon-apple-tech-layoffs-1851173569,0,Others
64,"House Republicans unveil articles of impeachment against DHS Sec. Mayorkas","House Republicans released two articles of impeachment against DHS Sec. Alejandro Mayorkas, but the Biden administration argues they are &quot;baseless.&quot;","2024-01-29 12:42:50",https://www.foxnews.com/politics/house-republicans-unveil-articles-impeachment-dhs-sec-mayorkas,0,Others
65,"Elon Musk's AI startup is reportedly looking to raise up to $6 billion","<img class="type:primaryImage" src="https://i.kinja-img.com/image/upload/c_fit,q_80,w_636/1e3b0a6c83a146ea9901be5df186961c.jpg" /><p>Looks like Elon Musk is trying to mount a challenge to OpenAI‚Äîwith some serious funding behind it. His competitor xAI is reportedly in talks to raise up to $6 billion at a proposed valuation of $20 billion, the Financial Times <a class="sc-1out364-0 dPMosf sc-145m8ut-0 lcFFec js_link" href="https://www.ft.com/content/28983bdc-2a38-4103-beae-08d9542ab69d" rel="noopener noreferrer" target="_blank">reported on Friday</a> (Jan. 26).<br /></p><p><a href="https://qz.com/elon-musks-ai-startup-is-reportedly-looking-to-raise-up-1851200609">Read more...</a></p>","2024-01-29 12:42:50",https://qz.com/elon-musks-ai-startup-is-reportedly-looking-to-raise-up-1851200609,0,Others
66,"Iran-backed militia kills 3 US troops just weeks after Biden said Tehran knows 'not to do anything'","President Biden expressed confidence weeks before Iran-backed militia groups killed U.S. troops in Jordan that Iran knew &quot;not to do anything.&quot;","2024-01-29 12:42:51",https://www.foxnews.com/politics/iran-backed-militia-kills-3-us-troops-just-weeks-biden-said-tehran-knows-not-do-anything,0,Others
67,"Americans are shopping their way to a stronger economy","<img class="type:primaryImage" src="https://i.kinja-img.com/image/upload/c_fit,q_80,w_636/5b5434cb653ccfccdf3a715c1272a77e.jpg" /><p>The economy is still humming! </p><p><a href="https://qz.com/shopping-is-driving-us-economy-1851196614">Read more...</a></p>","2024-01-29 12:42:51",https://qz.com/shopping-is-driving-us-economy-1851196614,0,Others
68,"Lankford cites 'election year' for waning GOP support on border bill: 'Not about letting 5000 people in a day'","Sen. James Lankford, R-Okla., on Sunday explained why he is moving forward on border bill negotiations despite Republican concern of handing President Biden an election year win.","2024-01-29 12:42:51",https://www.foxnews.com/politics/lankford-cites-election-year-waning-gop-support-border-bill-not-about-letting-5000-people-a-day,0,Others
69,"üöÄ Space Business: A lunar new year","<img class="type:primaryImage" src="https://i.kinja-img.com/image/upload/c_fit,q_80,w_636/97c84332e690c368f43fa8d5c6e9f937.jpg" /><p>We‚Äôll be taking a break from Space Business for a bit! In the meantime, keep your eyes on the skies (and if you want more Quartz in your inbox, <a class="sc-1out364-0 dPMosf sc-145m8ut-0 lcFFec js_link" href="https://qz.com/newsletter" rel="noopener noreferrer" target="_blank">check out our other newsletters</a>)!</p><p><a href="https://qz.com/emails/space-business/1851194792/space-business-a-lunar-new-year">Read more...</a></p>","2024-01-29 12:42:51",https://qz.com/emails/space-business/1851194792/space-business-a-lunar-new-year,0,Others
70,"Trump aide's sentence for defying Congress highlights 'two-tier' justice system: observer","Former Trump adviser Peter Navarro has been sentenced to prison for flouting a congressional subpoena, and one legal expert is calling foul on the DOJ for its double standards.","2024-01-29 12:42:51",https://www.foxnews.com/politics/trump-aides-sentence-defying-congress-highlights-two-tier-justice-system-observer,0,Others
71,"Sephora tweens are giving LVMH's profits a nice glow","<img class="type:primaryImage" src="https://i.kinja-img.com/image/upload/c_fit,q_80,w_636/fad8a091789fc7d082dea33ff925e178.jpg" /><p>Everyone‚Äôs been talking about the Sephora tweens: Young customers who flock to the beauty store in search of pricey skincare products to rejuvenate faces too young to register the wear and tear of life. Some people are <a class="sc-1out364-0 dPMosf sc-145m8ut-0 lcFFec js_link" href="https://www.dailymail.co.uk/femail/article-12984249/sephora-teens-ruin-beauty-product-samples-store.html" rel="noopener noreferrer" target="_blank">scared of them</a>. Some are <a class="sc-1out364-0 dPMosf sc-145m8ut-0 lcFFec js_link" href="https://www.axios.com/2024/01/25/sephora-kids-tweens-anti-aging-skin-care-parents" rel="noopener noreferrer" target="_blank">scared for them</a>. Some would like to remind horrified onlookers that <a class="sc-1out364-0 dPMosf sc-145m8ut-0 lcFFec js_link" href="https://www.allure.com/story/sephora-tweens-are-nothing-new" rel="noopener noreferrer" target="_blank">they‚Ä¶</a></p><p><a href="https://qz.com/sephora-tweens-lvmh-profits-boost-1851198488">Read more...</a></p>","2024-01-29 12:42:51",https://qz.com/sephora-tweens-lvmh-profits-boost-1851198488,0,Others
72,"Shah Rukh Khan: The king of cinema is back","<img class="type:primaryImage" src="https://i.kinja-img.com/image/upload/c_fit,q_80,w_636/ab36dd4905fad76f26e1cc4cdbaa47b9.jpg" /><p><strong>Back with a bang</strong><br /></p><p><a href="https://qz.com/emails/quartz-obsession/1851193320/shah-rukh-khan-the-king-of-cinema-is-back">Read more...</a></p>","2024-01-29 12:42:52",https://qz.com/emails/quartz-obsession/1851193320/shah-rukh-khan-the-king-of-cinema-is-back,0,Others
73,"Former Green Beret shreds 'criminally incompetent' Biden, stresses need for more veterans in Congress","Former Green Beret Pat Harrigan, a Republican from North Carolina, ripped President Biden as &quot;criminally incompetent,&quot; and stressed the need for more veterans in Congress.","2024-01-29 12:42:52",https://www.foxnews.com/politics/former-green-beret-shreds-criminally-incompetent-biden-stresses-need-more-veterans-congress,0,Others
74,"NSA purchases Americans' internet browsing data without warrants, senator's documents show","The National Security Agency buys Americans&apos; internet browsing information, including about the websites they visit and the apps they use, without warrants, Sen. Ron Wyden revealed.","2024-01-29 12:42:52",https://www.foxnews.com/politics/nsa-purchases-americans-internet-browsing-data-without-warrants-senator-documents,0,Others
75,"Tillerson: ‚ÄòHeartbreaking‚Äô reports of suffering in Myanmar","WASHINGTON ‚Äî Secretary of State Rex Tillerson is condemning reported atrocities committed against Rohingya Muslims in Myanmar, and he says those responsible ‚Äî perhaps the country's military ‚Äî will be held accountable.","2024-01-29 12:42:52",http://www.pbs.org/newshour/rundown/tillerson-heartbreaking-reports-suffering-myanmar/,0,Others
76,"Vulnerable House Dem caught on Zoom call lamenting 'Trump Kool-Aid' voters in her district","Rep. Susan Wild, D-Pa., said she was &quot;dismayed&quot; to find out she would be representing a county that strongly supports Donald Trump after redistricting efforts in the state.","2024-01-29 12:42:52",https://www.foxnews.com/politics/vulnerable-house-dem-caught-zoom-call-lamenting-trump-kool-aid-voters-district,0,Others
77,"Xi Jinping celebrates China‚Äôs rising power ‚Äî and his own","President Xi Jinping opened China‚Äôs twice-per decade Communist Party Congress on Wednesday hailing the reforms he put in place during his first five-year term and sharing his vision for where he hopes to take the nation. William Brangham reports on the congress as it prepares to announce Xi‚Äôs successor and how new leadership may transform China‚Äôs role as a global economic partner.","2024-01-29 12:42:52",http://www.pbs.org/newshour/bb/xi-jinping-celebrates-chinas-rising-power/,0,Others
78,"Republican ex-judge argued Trump engaged in insurrection, should be removed from Illinois primary ballot","A Republican retired judge is arguing that former President Trump should be removed from Illinois‚Äô primary ballot for engaging in an insurrection in the Jan. 6 US Capitol attacks.","2024-01-29 12:42:53",https://www.foxnews.com/politics/republican-ex-judge-argued-trump-engaged-insurrection-should-removed-illinois-primary-ballot,0,Others
79,"India calls Pakistan's claim of targeted killings 'false'","Islamabad on Thursday accused India of killing two of its citizens on its soil in 2023.","2024-01-29 12:42:53",https://www.bbc.co.uk/news/world-asia-india-68091822?at_medium=RSS&at_campaign=KARANGA,0,Others
80,"Haley blasts RNC for rushing to Trump as nominee, calls on Americans to 'remember what normal felt like'","Nikki Haley ripped the Republican National Committee for siding with former President Donald Trump to be the party&apos;s presidential nominee.","2024-01-29 12:42:53",https://www.foxnews.com/politics/haley-blasts-rnc-rushing-trump-nominee-calls-americans-remember-what-normal-felt-like,0,Others
81,"Haji Malang: The Sufi shrine caught up in a religious row in Mumbai","Both Hindus and Muslims visit the Haji Malang shrine in Mumbai - but a controversy has shaken some devotees.","2024-01-29 12:42:53",https://www.bbc.co.uk/news/world-asia-india-68090708?at_medium=RSS&at_campaign=KARANGA,0,Others
82,"3 American troops killed, 25 injured in attack on Jordan base near Syria border","President Biden blamed &quot;radical Iran-backed militant groups&quot; after three U.S. service members were killed and 25 others were hurt in Jordan near the Syrian border.","2024-01-29 12:42:53",https://www.foxnews.com/politics/3-american-troops-killed-25-injured-attack-jordan-base-near-syria-border,0,Others
83,"UK MPs to meet security minister over safety of Sikhs","A cross-party group of MPs is to meet with the security minister on Tuesday, an MP says.","2024-01-29 12:42:53",https://www.bbc.co.uk/news/uk-england-birmingham-68121754?at_medium=RSS&at_campaign=KARANGA,0,Others
84,"Trump admin cut funding to UN agency now accused of participating in Hamas attack ‚Äòfor reason‚Äô: Rep. McCaul","Texas Republican Rep. Michael McCaul highlighted on &quot;Fox News Sunday&quot; that former President Trump cut funding to the United Nations Relief and Works Agency during his administration.","2024-01-29 12:42:54",https://www.foxnews.com/politics/trump-admin-cut-funding-un-agency-now-accused-participating-hamas-attack-reason-rep-mccaul,0,Others
85,"WATCH: Trump and Greek prime minister hold joint news conference","President Donald Trump says the U.S. stands with Greece as they recover from their economic crisis.","2024-01-29 12:42:54",http://www.pbs.org/newshour/rundown/watch-live-trump-and-greek-prime-minister-hold-joint-press-conference/,0,Others
86,"The battle for Mosul is over, but this hidden ISIS danger could lurk for years","Iraq may have ousted Islamic States militants from the city of Mosul over the summer, but the major task of finding and destroying the mines, booby traps and bombs remains. A security firm hired by the U.S. and Iraqi workers are making progress to clear major areas, but it could take years or even decades. Special correspondent Marcia Biggs reports on the safety of Mosul after ISIS.","2024-01-29 12:42:54",http://www.pbs.org/newshour/bb/battle-mosul-hidden-isis-danger-lurk-years/,0,Others
87,"South Sudan civil war causes Africa‚Äôs worst refugee crisis","South Sudan‚Äôs four-year civil war has left half of the nation‚Äôs population, 6 million people, in need of humanitarian aid and caused one of the world‚Äôs worst refugee crises. With support from the U.S. Holocaust Memorial Museum‚Äôs Center for the Prevention of Genocide, NewsHour Weekend Special Correspondent Simona Foltyn and journalist Jason Patinkin traveled to Uganda to meet people desperate for asylum.","2024-01-29 12:42:54",http://www.pbs.org/newshour/bb/south-sudan-civil-war-causes-africas-worst-refugee-crisis/,0,Others
88,"Snopes admits Biden wore construction hard hat backwards in 'fact check' reversal","Snopes reversed a fact check claiming that President Biden had not mistakenly worn a construction hard hat backwards this weekend, despite photo evidence.","2024-01-29 12:42:54",https://www.foxnews.com/politics/snopes-admits-biden-wore-construction-hard-hat-backwards-fact-check-reversal,0,Others
89,"Why a power struggle has broken out over Kirkuk","Two vital American allies have reignited their rivalry in Iraq. After months of simmering tensions, national military forces and militia moved to push Kurdish forces out of the disputed city of Kirkuk. Three weeks ago, the Kurds held a referendum to split from Iraq. Lisa Desjardins reports and Judy Woodruff talks with Emma Sky of Yale University and Feisal Istrabadi of Indiana University.","2024-01-29 12:42:54",http://www.pbs.org/newshour/bb/power-struggle-broken-kirkuk/,0,Others
90,"House GOP to hear additional witness testimony from Hunter Biden business partners amid impeachment inquiry","House Republicans plan to hear testimony this week from several additional witnesses who did business with Hunter Biden, as part of the ongoing impeachment inquiry against President Biden.","2024-01-29 12:42:55",https://www.foxnews.com/politics/house-gop-hear-additional-witness-testimony-hunter-biden-business-partners-amid-impeachment-inquiry,0,Others
91,"India v England: Relaxed, fit tourists look for series win for the ages","England's record in India is better than most, but merely staying competitive will be a fine achievement, writes Stephan Shemilt.","2024-01-29 12:42:55",https://www.bbc.co.uk/sport/cricket/68069988?at_medium=RSS&at_campaign=KARANGA,0,Others
92,"Far-right groups gain ground in Sweden and Germany amid migrant influx","Sunday‚Äôs election in Austria brought victory to 31-year-old Sebastian Kurz, who was elected chancellor on an anti-immigrant platform. Earlier, a strengthened far-right party dealt a blow to returning leader Angela Merkel in Germany‚Äôs election. As Sweden‚Äôs election approaches next year, special correspondent Michael Brabant surveys the changing political landscape in Europe.","2024-01-29 12:42:55",http://www.pbs.org/newshour/bb/far-right-groups-gain-ground-sweden-germany-amid-migrant-influx/,0,"Terrorism / Protest / Political Unrest / Riot"
93,"Lakshadweep: Can India's 'alternative Maldives' handle mass tourism?","Indian PM Modi's recent visit to Lakshadweep could spark a tourist surge - but is the island chain ready?","2024-01-29 12:42:55",https://www.bbc.co.uk/news/world-asia-india-67911165?at_medium=RSS&at_campaign=KARANGA,0,Others
94,"India v England: 'Hyderabad Heist shows England are unmissable'","The astonishing victory over India in Hyderabad shows why you cannot take your eyes off the England Test team, says Stephan Shemilt.","2024-01-29 12:42:55",https://www.bbc.co.uk/sport/cricket/68123032?at_medium=RSS&at_campaign=KARANGA,0,Others
95,"Ayodhya Ram Mandir: India PM Modi inaugurates Hindu temple on razed Babri mosque site","The rituals were led by PM Narendra Modi, while opposition leaders and some Hindu seers stayed away.","2024-01-29 12:42:55",https://www.bbc.co.uk/news/world-asia-india-68003095?at_medium=RSS&at_campaign=KARANGA,0,Others
96,"Hundreds dead after massive truck bomb strikes Mogadishu","At least 231 people were killed and hundreds more wounded after a massive truck bomb on Saturday struck Somalia's capital city of Mogadishu.","2024-01-29 12:42:56",http://www.pbs.org/newshour/rundown/hundreds-dead-massive-truck-bomb-strikes-mogadishu/,0,Others
97,"Women take the lead in Republic Day parade","Every year, the country celebrates the day its constitution came into effect with a grand spectacle.","2024-01-29 12:42:56",https://www.bbc.co.uk/news/world-asia-india-68091821?at_medium=RSS&at_campaign=KARANGA,0,Others
98,"Rex Tillerson says continue diplomacy with North Korea ‚Äòuntil first bomb drops‚Äô","That statement comes despite President Donald Trump's tweets a couple of weeks ago that his chief envoy was "wasting his time" trying to negotiate with "Little Rocket Man," a mocking nickname Trump has given the nuclear-armed nation's leader, Kim Jong Un.","2024-01-29 12:42:56",http://www.pbs.org/newshour/rundown/rex-tillerson-says-continue-diplomacy-north-korea-first-bomb-drops/,0,Others
99,"Maldives: Maldivians debate India's 'boycott' of their nation","Tensions have escalated after three Maldivian ministers made derogatory comments about India's PM Modi.","2024-01-29 12:42:56",https://www.bbc.co.uk/news/world-asia-india-67942642?at_medium=RSS&at_campaign=KARANGA,0,Others
100,"U.S., Japan agree to maximize diplomatic pressure on North Korea","TOKYO ‚Äî U.S. and Japanese diplomats agreed Tuesday to maximize pressure on North Korea to resolve tensions over its nuclear program, while citing the need to be prepared for the worst if diplomacy fails.","2024-01-29 12:42:56",http://www.pbs.org/newshour/rundown/u-s-japan-agree-maximize-diplomatic-pressure-north-korea/,0,Others
101,"Agatha Christie: The Indian hotel murder that inspired the queen of crime","The sensational case, which made global headlines, is said to have influenced Christie's first book.","2024-01-29 12:42:56",https://www.bbc.co.uk/news/world-asia-india-67943375?at_medium=RSS&at_campaign=KARANGA,0,Others
102,"Moti Mahal: India curry houses battle over butter chicken","Butter chicken - a curry popular around the world - is now in the middle of a court battle in India.","2024-01-29 12:42:57",https://www.bbc.co.uk/news/world-asia-india-68053470?at_medium=RSS&at_campaign=KARANGA,0,Others
103,"Moment worker is pulled from collapsed tunnel","Fourty-one Indian workers are finally rescued from a tunnel that partially caved in after a landslide.","2024-01-29 12:42:57",https://www.bbc.co.uk/news/world-asia-india-67552409?at_medium=RSS&at_campaign=KARANGA,0,Others
104,"Watch: Indian PM Modi inaugurates temple in Ayodhya","The opening of the grand temple comes ahead of India's general elections.","2024-01-29 12:42:57",https://www.bbc.co.uk/news/world-asia-india-68053468?at_medium=RSS&at_campaign=KARANGA,0,Others
105,"India flash floods: More than 100 missing in Sikkim state","Hundreds of search and rescue officers have been deployed across the state of Sikkim.","2024-01-29 12:42:57",https://www.bbc.co.uk/news/world-67015721?at_medium=RSS&at_campaign=KARANGA,0,Others
106,"Bopanna, 43, becomes oldest tennis world number one","Rohan Bopanna becomes the oldest tennis world number one aged 43 after he and Matthew Ebden reach the Australian Open doubles semi-finals.","2024-01-29 12:42:57",https://www.bbc.co.uk/sport/tennis/68078338?at_medium=RSS&at_campaign=KARANGA,0,Others
107,"Umar Khalid: Indian activist languishes in jail without bail or trial","Umar Khalid, who was arrested three years ago for alleged involvement in riots, is still waiting for a trial.","2024-01-29 12:42:58",https://www.bbc.co.uk/news/world-asia-india-67980484?at_medium=RSS&at_campaign=KARANGA,0,"Terrorism / Protest / Political Unrest / Riot"
108,"Bengaluru: Why English is dividing people in India's Silicon Valley","Kannada-language protesters recently hit the headlines for tearing down English billboards in Bengaluru.","2024-01-29 12:42:58",https://www.bbc.co.uk/news/world-asia-india-67889621?at_medium=RSS&at_campaign=KARANGA,0,Others
109,"Ayodhya: Temple to open at India‚Äôs religious fault-line","The new temple in Ayodhya has stirred up memories for the community caught up in 1992's violence.","2024-01-29 12:42:58",https://www.bbc.co.uk/news/world-asia-india-68030712?at_medium=RSS&at_campaign=KARANGA,0,Others
110,"Gujarat boat capsize victims 'not given life jackets'","Parents of students who died after a boat capsized in India's Gujarat state allege negligence by authorities.","2024-01-29 12:42:59",https://www.bbc.co.uk/news/world-asia-india-68027147?at_medium=RSS&at_campaign=KARANGA,0,Others
111,"Plane gets jammed under bridge in India","The scrap fuselage was on its way to Assam from Mumbai on a lorry when it got stuck.","2024-01-29 12:42:59",https://www.bbc.co.uk/news/world-asia-india-67843833?at_medium=RSS&at_campaign=KARANGA,0,Others
112,"First video of trapped tunnel workers in India","Rescuers have shared a video of the 41 workers who have been trapped inside a tunnel since 12 November.","2024-01-29 12:42:59",https://www.bbc.co.uk/news/world-asia-india-67482786?at_medium=RSS&at_campaign=KARANGA,0,Others
